year,pos_per_1000,atm_per_1000
2021,23.88341556543875,0.4190778402707467
2022,25.51323661524935,0.41485559187262266
2023,26.211244359892902,0.4130909164067808
2024,27.726105653616127,0.42602832844687755
2025,28.375409356725147,0.4345906432748538
